ID #,Initial (1),Initial (2),Species,Crab,Shrimp,Sediment/Rocks,Shells,Invert Parts,Plants/Aglae,Unknown/Mush,Fish,Eggs,Brittle Star,Empty?,Other,Notes,Invert_finds,,Snake
1,,,White Grunt,,,0.495,,,,,0.09167,,,,,,,,
2,,,White Grunt,,,,,,,,,,,empty,,,,,
3,,,White Grunt,,,0.588,0.0085,,,,,,,,,,,,
4,,,White Grunt,,0.001,0.220,0.402,,,,0.001333,,,,,,,,
5,,,White Grunt,0.00567,,1.125,0.12,,,,0.000333,,,,,,,,
6,,,White Grunt,,,0.7005,0.00333,,,,,,,,,,,,
7,,,White Grunt,,,0.118,,,,,,,,,,,,,
8,,,White Grunt,,,0.46,,,,,,,,,,,,,
9,,,White Grunt,,,0.3473,,,,,,,,,,,,,
10,,,White Grunt,,,,,,,,,,,empty,,,,,
11,,,White Grunt,,,0.115,0.03350,,,,,,,,,,,,
12,,,White Grunt,,,,0.30067,,,,,,,,,,,,
13,,,White Grunt,,,,,,,0.04167,,,,,,,,,
14,,,White Grunt,,,0.1167,0.011,0.0535,0.011,,0.49,,,,,,isopod,,
15,,,White Grunt,,,,,,,,,,,empty,,,,,
16,,,White Grunt,,,,,,,,,,,empty,,,,,
17,,,White Grunt,,,0.547,,,,,,,,,,,,,
18,,,White Grunt,,,,,,,,,,,empty,,,,,
19,,,White Grunt,,,0.869,0.08433,,,,0.023,,,,,,,,
20,,,White Grunt,,,,,,,,,,,empty,,,,,
21,,,White Grunt,,,,,,,,,,,,,,,,
22,,,White Grunt,,,,,,,,,,,,,,,,
23,,,White Grunt,,,,,,,,,,,,,,,,
24,,,White Grunt,,,,,,,,,,,,,,,,
25,,,White Grunt,,,,,,,,,,,,,,,,
26,,,White Grunt,,,,,,,,,,,,,,,,
27,,,White Grunt,,,,,,,,,,,,,,,,
28,,,White Grunt,,,,,,,,,,,,,,,,
29,,,White Grunt,,,,,,,,,,,,,,,,
30,,,White Grunt,,,,,,,,,,,,,,,,
31,,,White Grunt,,,,,,,,,,,,,,,,
32,,,White Grunt,,,,,,,,,,,,,,,,
33,,,White Grunt,,,,,,,,,,,,,,,,
34,,,White Grunt,,,,,,,,,,,,,,,,
35,,,White Grunt,,,,,,,,,,,,,,,,
36,,,White Grunt,,,,,,,,,,,,,,,,
37,,,White Grunt,,,,,,,,,,,,,,,,
38,,,White Grunt,,,,,,,,,,,,,,,,
39,AW,AM(p),White Grunt ,0.011,0.096,0.006,,,,0.318,,0.055,0.005,,,,,,
40,AM ,JN,White Grunt ,,0.002,0.016,,,,,1.587,,,,,,,,
41,AG,,White Grunt ,0.091,,0.001,,,0.009,1.581,,0.015,,,,possible crab spine/claw,,,
42,AM ,TB,White Grunt ,0.016,0.038,0.005,,,,0.57,0.025,0.014,,,,,,,
43,TB,EG,White Grunt ,0.002,,0.013,0.009,0.016,,0.094,,,0.003,,,,,,
44,KH,TD,White Grunt ,,,,,,,,0.008,0.001,,empty,,,,,
45,JG,,White Grunt ,0.019,,0.009,0.035,,,0.107,0.022,,,,,,,,
46,EC,,White Grunt ,,1.419,0.009,,0.115,,,0.012,,,,,,,,
47,JG,EG,White Grunt ,,0.001,0.02,0.037,0.007,,0.272,,,,,,,,,
48,TD,,White Grunt ,,,,,,0.014,1.694,0.027,,,,,Unknown ID has eggs in it! Recheck in the 2nd run through,,,
49,MP,,White Grunt ,,,,,,,,,,,empty,,,,,
50,MT,AW,White Grunt ,0.003,,,0.000,,,0.069,0.028,0.012,,,,,,,
51,AG,TB,White Grunt ,,0.199,0.065,,,,1.16,,0.013,,,,,,,
52,AM ,TB,White Grunt ,0.000,0.000,0.02,,,,,,0.002,,,,,,,
53,EC,,White Grunt ,,4.837,,,,,,,,,,,,,,
54,AW,AW,White Grunt ,0.016,0.004,,,,,0.119,0.002,,,,,,,,
55,AG,AM(p),White Grunt ,0.009,,0.000,0.001,,,0.125,0.000,0.009,,,,,,,
56,AG,AM,White Grunt ,0.011,,,,,0.003,0.058,,,,empty,,,,,
57,,,White Grunt ,,,,,,,,,,,,,,,,
58,JG,,White Grunt ,0.002,,0.000,0.001,0.005,,0.090,,,,,,,,,
59,JG,,White Grunt ,,0.045,0.049,,0.001,,0.275,0.004,,,,,,,,
60,MP,,White Grunt ,0.000,,0.000,0.04,,,,,,,,,,,,
61,EC,,White Grunt ,0.051,0.09,,,,,0.14,,,,,,,,,
62,AG,,White Grunt ,,0.065,0.000,0.018,,,0.698,,,,,,,,,
63,MT,AW,White Grunt ,0.023,0.06,0.156,0.361,,,0.056,0.033,,,,,Invert = Limpet ,,,
64,TD,,White Grunt ,,,,,,,0.574,0.001,0.001,,,0.001g fishing line,,,,
65,AW,AW(p),White Grunt ,0.004,0.001,0.003,,,0.006,0.32,,0.019,,,,,,,
66,MP,,White Grunt ,0.492,0.19,0.27,0.366,,0.412,1.689,,,,,,,,,
67,JG,,White Grunt ,,0.001,0.001,0.011,,0.001,0.435,0.000,0.000,,,,,,,
68,AG,,White Grunt ,0.007,0.082,0.028,,,0.000,0.211,0.116,,,,,Plant = stick,,,
69,PP,,White Grunt ,,,0.001,0.057,,0.015,0.704,,,,,,,,,
70,AW,,White Grunt ,,0.007,0.001,,,,0.094,0.000,,,,,fish = gills ,,,
71,AM,,White Grunt ,0.000,0.000,0.017,,,,0.097,,0.000,,,,egg = egg casing ,,,
72,KH,,White Grunt ,0.005,0.028,0,,,,,,,,,,,,,
73,TB,,White Grunt ,0.543,0.104,0.078,0.017,0.077,,0.544,,,,,,,squid,,
74,EC,,White Grunt ,0.083,0.001,0.001,,0.08,,0.678,,,,,,,"gammardio amphipod (0.08), ostracod (0.00) ",,
75,MT,AW(p),White Grunt ,0.033,0.001,0.107,0.003,0.006,0.000,0.196,0.011,0.003,,,0g beak,,,,
76,PP,,White Grunt ,,0.013,0.001,,,0.000,0.438,,0.007,,,,,,,
77,AW,,White Grunt ,0.741,,0.000,,,,0.058,,,,,,,,,
78,KH,,White Grunt ,0.000,0.000,0.000,,,,0.061,0.013,0.052,,,,,,,
79,MH + EV,,White Grunt ,0.468,0.138,0.020,0.231,0.134,,1.071,,,0.113,,,,isopod ,,
80,TB,,White Grunt ,0.076,0.087,0.031,0.002,0.002,,,0.224,,,,,,isopod ,,
81,MT,,White Grunt ,0.019,0.016,0.241,0.022,,,0.239,,,,,,stick = 0.000,,,
82,TD,,White Grunt ,,,,,,,1.267,0.012,0.002,,,,,,,
83,KH,TB,White Grunt ,,0.043,0.003,0.005,,,,0.021,,,,,,,,
84,TD,AM,White Grunt ,,0.003,,,,,,,,,empty,,,,,
85,EG,,White Grunt ,0.055,,0.019,0.022,0.003,0.004,,0.352,,,,,Plant = coral ,,,
86,EC,,White Grunt ,0.030,0.056,,0.073,0.133,,,0.309,,,,,,squid,,
87,AW,,White Grunt ,,,0.016,0.023,,0.000,0.349,0.015,,,,,,,,
88,JG,,White Grunt ,0.003,0.749,0.013,,0.007,,,0.051,,,,,,,,
89,EG,,White Grunt ,0.200,0.013,,,,,0.388,0.005,0.000,,,,eggs = egg casing ,,,
90,EG,,White Grunt ,,0.001,0.000,0.002,0.051,,0.321,,0.000,,,,,,,
91,JG,,White Grunt ,,0.032,,0.000,,0.000,0.165,,,,,,,,,
92,MT,,White Grunt ,,0.013,,0.061,0.234,,0.313,,,,,,,,,
93,JG,,White Grunt ,,0.007,,,,0.002,0.107,0.000,,,,,Fish = scales,,,
94,JG,,White Grunt ,,,,,,,,,,,empty ,,,,,
95,TB,,White Grunt ,,0.058,0.115,,,,0.307,,,,,,,,,
96,AG,,White Grunt ,0.054,1.302,0.01,,,,0.475,0.901,,,,,,,,
97,AM,,White Grunt ,,0.000,,,,,0.052,0.009,0.000,,,,,,,
98,MT,,White Grunt ,0.05,0.000,,0.018,,,0.504,,,,,,,,,
99,JG,,White Grunt ,,0.017,0.000,,,0.015,0.045,0.000,,,,,,,,
100,AM,,White Grunt ,0.105,0.006,0.001,0.005,0.000,,0.25,,,,,,,,,
101,AM,,White Grunt ,0.218,0.004,0.014,,0.000,,0.38,0.004,,,,0g worm,,,,
102,MT,,White Grunt ,,,0.000,,,,0.310,,,,,,confirmed by Evan ,,,
103,JG,,White Grunt ,0.236,0.000,,,0.042,,0.319,,,,,,,isopod ,,
104,JN,,White Grunt ,0.035,,,,,,,,,,,,,,,
105,KH,,White Grunt ,,0.048,0.003,0.063,,,0.060,,,,,,,,,
106,TD,,White Grunt ,0.295,,,,,,,0.000,0.002,,,,,,,
107,TD,,White Grunt ,,,,,,,,,0.001,,empty ,,,,,
108,TB,,White Grunt ,,0.040,0.018,,,,0.595,,,,,,,,,
109,TB,,White Grunt ,0.309,,0.013,,,,0.473,,,,,,unknown mush was **,,,
110,TB,,White Grunt ,0.077,,,,,,0.027,,,,,,,,,
111,TB,,White Grunt ,,0.153,0.007,,,,0.065,,,,,,,,,
112,PP,,White Grunt ,0.022,,0.053,0.035,,,0.516,,,,,,,,,
113,AW,,White Grunt ,0.034,,0.879,0.046,,,0.274,,,,,0g unknown,Unknown squid-like = 0.007,,,
114,KH,,White Grunt ,,,0.086,0.111,,,0.03,,,,,,,,,
115,AW,,White Grunt ,0.009,,0.007,0.013,,0.001,2.715,0.000,,,,,,,,
116,JG,,White Grunt ,0.016,0.09,0.024,0.004,,0.005,0.356,,,,,,,,,
117,MT,,White Grunt ,,,0.101,,0.159,0.466,,,,,,,,,,
118,AG,,White Grunt ,0.102,0.482,,0.055,,,0.435,,,,,,,,,
119,AM,,White Grunt ,0.028,0.05,0.503,,0.001,0.206,,,,,,,,,,
120,EG,,White Grunt ,0.079,0.022,0.036,0.163,0.034,0.000,0.41,,,,,,,,,
121,TD,,White Grunt ,0.041,,0.016,,,0.031,0.704,,,,,,,,,
122,MT,,White Grunt ,,,0.003,,0.03,0.293,,,,,,,,,,
123,JG,,White Grunt ,,,,,,,,,,,empty ,,,,,
124,JG,,White Grunt ,0.009,0.002,0.017,0.038,,0.002,0.502,,,,,,,,,
125,MT,,White Grunt ,,,0.026,,0.007,,,0.079,,,,,,,,
126,JG,,White Grunt ,0.072,0.031,0.000,,,,0.626,,,,,,,,,
127,JN,,White Grunt ,0.006,0.056,0.017,,,,0.051,,,,,,,,,
128,JG,,White Grunt ,,0.365,,,,,0.288,,,,,,mush = very wet --> making it heavy,,,
129,JG,,White Grunt ,,0.011,,,,,0.507,,,,,,,,,
130,JN,,White Grunt ,0.037,0.019,0.052,0.003,,,,,,,,,,,,
131,JN,,White Grunt ,0.493,0.041,0.032,,,,0.045,,,,,,Huge crab claws,,,
132,AW,,White Grunt ,0.002,0.015,0.001,,,,0.215,,,,,,,,,
133,AG,,White Grunt ,,0.071,,,,,0.046,,,,,,,,,
134,AW + EC,,White Grunt ,0.166,,0.003,,,0.005,0.376,,,,,,,,,
135,AW,,White Grunt ,0.034,,0.004,0.067,,,0.163,0.000,,,,,,,,
136,EC,,White Grunt ,0.014,,,,0.054,,0.269,,,0.186,,,,"0.186 (brittle star), worms (0.054)",,
137,AM,,White Grunt ,0.044,0.000,0.000,0.000,,0.000,0.433,0.018,,0.000,,,,,,
138,JN,,White Grunt ,,,0.017,,0.006,,,,,,,,,,,
139,JN,,White Grunt ,0.02,0.002,0.019,,,,0.064,,,,,,,,,
140,EG,,White Grunt ,0.099,0.026,0.007,0.016,0.008,,0.270,,0.000,,,,,,,
141,JD,,White Grunt ,,1.494,0.516,,,,,,,,,,,,,
142,TD,,White Grunt ,,4.72,0.067,,,,0.635,,,,,,,,,
143,AM,,White Grunt ,0.343,0.000,0.018,0.000,0.087,0.052,0.411,,,,,,,urchin,,
144,MT,,White Grunt ,0.442,,,0.018,,,0.092,,,,,,,,,
145,AW,,White Grunt ,0.072,,0.023,0.034,,,0.715,0.1,,,,,,,,
146,KH,,White Grunt ,0.072,0.019,0.392,0.029,,0.009,0.003,,,,,,,,,
147,TB,,White Grunt ,0.082,0.004,0.043,,,,0.324,,,,,,,,,
148,PP,,White Grunt ,0.302,,,,0.095,,0.388,,,,,,,,,
149,PP,,White Grunt ,,,,,,,0.383,,0.014,,,,,,,
150,PP,,White Grunt ,,,0.044,,,0.009,0.669,,0.022,,,,,,,
151,AG,,White Grunt ,0.421,,,0.011,,,0.259,,,,,,,,,
152,AM*,,White Grunt ,0.084,0.170,0.003,,,0.124,0.148,0.002,,,,,,,,
153,EC,,White Grunt ,0.098,0.004,,,,,0.137,0.036,,,,,,,,
154,AW/MT,,White Grunt ,0.085,,0.053,,,,0.34,0.001,0.001,,,,,,,
155,TD,,White Grunt ,0.008,,,,,,0.040,,,,,,,,,
156,AW,,White Grunt ,,0.044,,,,,,,,,,,,,,
157,TD,,White Grunt ,0.162,,0.220,,0.142,,,,,,,,,,,
158,EG,,White Grunt ,0.167,,0.103,,0.085,,0.663,,,,,,,,,
159,JN,,White Grunt ,0.145,,0.036,,0.001,,,,,,,,,worm ,,
160,AM*,,White Grunt ,0.042,0.016,,,0.000,,,0.000,,,,,,polychaete worm,,
161,EG,,White Grunt ,,,0.008,0.008,0.006,,0.219,,,,,,,,,
162,EG,,White Grunt ,0.002,,0.016,0.358,,,0.187,,,,,,,,,
163,AM,EG,White Grunt ,0.016,,0.178,0.025,,0.054,,,,,,,,,,
164,TD,,White Grunt ,,1.15,0.082,,0.030,,0.534,,,,,,,,,
165,LS,,White Grunt ,,0.000,,,,,0.104,,,,,,,,,
166,EG,,White Grunt ,0.002,0.001,,,0.001,0,,,,,,,,,,
167,EG,AM,White Grunt ,0.045,0.01,0.006,0.039,0.009,,0.12,0.181,,,,,,,,
168,TD,EG,White Grunt ,0.312,,0.366,0.032,.001 (Isopod),0,,,,,,,,,,
169,TD,AM,White Grunt ,0.006,,0.101,0.001,0.03,0.001,,,,,,,,,,
170,TD,AM,White Grunt ,,,,,,,,0.033,,,,,"Mostly empty, some scales",,,
171,AW/EG,AM,White Grunt ,,0.005,0.002,0.082,0,,0.024,,,,,,,,,
172,EG,EC,White Grunt ,0.014,0.012,0.079,0.06,0.021,,0.262,,,,,,,,,
173,JG,MT,White Grunt ,,,0.022,0.029,0.003,0.003,0.584,0.015,0.005,,,,,,,
174,JG,EC,White Grunt ,0.008,0.001,0.012,0.089,,0.007,0.612,0,,,,,Fish scales,,,
175,JG,TB,White Grunt ,,0,0.003,0.008,0,,0.057,0,0.105,,,,FIsh scales,,,
176,JG,TB,White Grunt ,0.017,0.343,0.02,0.863,,,0.381,,0.108,,,,,,,
177,JG,EF,White Grunt ,,0.013,0.013,0.017,,,0.17,,,,,,,,,
178,EC,,White Grunt ,,,0.02,0.012,0.028,,,,,,,,,,,
179,EG,TB,White Grunt ,0.2125,0.008,0.059,0.041,0.005,,0.074,,0.194,,,,,,,
180,EG,TP,White Grunt ,0.017,0.023,0.095,0.040,0.006,,0.103,,,,,,,".002 amphipod, .004 isopod",,
181,EC,EF,White Grunt ,0.252,0.238,,0.008,0,,,,,,,0g worm,,,,
182,EC,,White Grunt ,0.299,0.019,1.44,0.308,0.45,,,0.035,,,,0.45g limpet,fish scales,,,
183,JG,EF,White Grunt ,0.016,0.213,0.008,0.031,,,0.81,0.006,,,,,,,,
184,EK,EF,White Grunt ,,,0.012,0.425,,0.007,,,,,,,,,,
185,EG,EF,White Grunt ,0.002,0.008,0.023,0.017,,,0.163,,,,,,,,,
186,JG,BP ,White Grunt ,,,0.005,,0,0.029,0.149,0,,,,0g nudibranch,,,,
187,JG,TP,White Grunt ,0.017,0,0.066,0.228,,0.038,1.62,0,,,,0.008g coral ,,,,
188,JG,TP,White Grunt ,,,,,,,,,,,empty ,,all bait ,,,
189,JG,TP ,White Grunt ,0.065,,0.01,0.018,,0,0.624,,,,,,,,,
190,AM,EC,White Grunt ,0.025,0.019,0.387,0.442,0.255,,0.742,,,,,,,"urchin (0.00), ostracoda (0.00), worm (0.255)",,
191,EC,TP,White Grunt ,0.186,,0.031,0.043,,,,0.002,,,,,,,,
192,JG,TD,White Grunt ,,0,0.056,0.04,0.005,0,0.569,,0.001,,,,,0.005 coral,,
193,TD ,TD,White Grunt ,0.025,,0.014,0.125,0.006,,1.126,,0,,,,,"Snail (0.006), urchin (0.000) ",,
194,EK,TD,White Grunt ,0.113,0.03,0.003,0.084,0,,,,,,,,,urchin ,,
195,EG,TD,White Grunt ,,0.002,0.002,0.004,,,,0.001,0.006,,,0g worm ,,,,
196,EG,TD,White Grunt ,0.105,0.08,,0.25,0.181,0.041,0.286,0.269,0.003,,,,,isopod (0.173),,
197,TB,MS,White Grunt ,,,,,,,,,,,,,No stomach ,,,
198,TB,TP ,White Grunt ,0.001,0,0.05,0.55,0.013,0,0.572,0.001`,,,,,,brittle star ,,
199,,,White Grunt ,,,,,,,,,,,,,,,,
200,"SH, MM, MN, BB",EC,White Grunt ,0.0125,,0.004,0.105,0,0,,,,,,,,worm ,,
201,"MR, AB",TM,White Grunt ,0.019,0.095,0.039,0.076,0,0,0.395,0,,,,,,coral,,
202,KH,EK,White Grunt ,,,,,,,,,,,empty,,,,,
203,MM,EK,White Grunt ,0.006,,,0.057,,0,,,,,,,,,,
204,EK,,White Grunt ,,0,0.509,0.19,0.105,0.047,0.327,,,,,,,coral ,,
205,KH,MM,White Grunt ,0.241,,0.118,0.085,0.026,,2.56,,,,,,,coral ,,
206,HE,TD ,White Grunt ,0.007,,0.021,0.034,0.02,0.001,0.677,0.002,0.04,,,0g bone ,,,,
207,AG,"MS, CK",White Grunt ,0.387,,0.102,0.208,,0.167,1.145,0,,,,,,,,
208,ME,EK,White Grunt ,0.006,0.004,0,0.049,0.014,,0.504,0,,,,,,lamet ,,
209,MM,EK,White Grunt ,0.002,,0.003,0.079,,0.001,0.549,0,,,,,,,,
210,,,White Grunt ,,,,,,,,,,,,,,,,
211,KM,DM,White Grunt ,0.063,,0.178,0.089,0.033,0.046,0.356,0,,,,,,"squid beak, claw",,
212,AW,EK,White Grunt ,,,,,,,,,,,empty ,,,,,
213,"CK, TP",EK,White Grunt ,0,,0,0.02,0,0.029,0.238,,0,,,,,,,
214,BD,,White Grunt ,,,0.004,0.029,,0.002,1.001,,,,,,,,,
215,AW,,White Grunt ,0.011,,0.001,0.008,,,0.0737,0.003,,,,,,,,
216,TD,,White Grunt ,0.059,,,,0,,,,,,,,,amphipod ,,
217,TD,,White Grunt ,,,0.041,0.042,,,,0.013,,,,,,,,
218,SH,,White Grunt ,,0.012,0.013,0.011,,0.118,0.151,0.029,,,,,,,,
219,LG,,White Grunt ,0.404,0.106,0.037,0.006,0,,0.863,0.056,,,,,,squid ,,
220,HE,TD,White Grunt ,0.187,0.158,0.002,,0,0,0.379,0.007,0.006,,,,,isopod,,
221,PR,,White Grunt ,0.006,,,0,0.027,0,0.237,,,,,0.042g parasites,,,,
222,CK,,White Grunt ,,0.01,,0,0.009,,0.039,,0.002,,,,0g rocky green fragments ,,,
223,JA,,White Grunt ,0.066,0,0.014,0.068,0,0,0.848,,,,,,,coral,,
224,MR,,White Grunt ,,0.023,0.056,0.075,0.001,,,0.004,,,,,,,,
225,MM,,White Grunt ,0.032,,,0.154,,,0.48,0.004,,,,,,,,
226,BB,,White Grunt ,0.001,,0,0.033,0,,0.183,,,,,,,worm 0 ,,
227,NW,,White Grunt ,0.013,,0.015,0.012,,,,0.027,,,,,,,,
228,ME,DM,White Grunt ,0.02,0.033,0.049,0.144,0.013,0.003,0.21,0.0013,,,,,,,,
229,CK,,White Grunt ,0.103,,0,,,,,,0,,,,,,,
230,MR,,White Grunt ,,0.013,0.031,0.193,,,,0.001,0.02,,,,,,,
231,TP,,White Grunt ,0.006,,0.02,0.041,0,0,0.553,0.015,,,,,,,,
232,ES,,White Grunt ,0.147,,0.03,,0.044,,0.377,,,,,,,brittle star,,
233,KM,,White Grunt ,0,,0.049,0.191,0.031,0.028,0.119,0.004,,,,,,,,
234,DM,,White Grunt ,0.008,,0.008,0.057,0.001,,0.431,0.749,,,,,invert = worm,,,
235,CK,,White Grunt ,,,0.023,0.127,,0,0.356,,,,,,,,,
236,HE,TD,White Grunt ,,0.185,0.009,0.023,0.005,0.038,0.228,0.237,0.012,,,0g plastic ,,"0.005 worm, 0 coral ",,
237,PR,,White Grunt ,0.029,,,0,0.055,,0.24,0.051,,,,,,,,
238,PL,,White Grunt ,0.001,,0.056,0.103,,,,0.012,,,,,,,,
239,AG,EK,White Grunt ,0.347,,0.002,0.139,,,0.314,0.006,,,,,,,,
240,BD,MM,White Grunt ,0.001,,0.011,0.023,,0,0.02,0.005,,,,,,,,
241,MM,,White Grunt ,0.035,0,,0.6,,0.008,0.693,,,,,,,,,
242,SH,,White Grunt ,0.004,,0.027,0.133,,0.004,0.055,0.004,,,,,,,,
243,AG,,White Grunt ,,,0.008,0.021,0,,0.252,0,,,,,,,,
244,TP ,,White Grunt ,0.035,,0,0.113,0,0.028,0,,,,,,,urchin ,,
245,MM,,White Grunt ,,,0.02,0.055,0.007,0.024,0.252,,,,,,,coral ,,
246,JA,,White Grunt ,0.007,,0.002,0.011,,0,0.048,,,,,,,,,
247,Tara,,White Grunt ,0.002,,0.041,0.052,,0.001,0.033,,,,,,,,,
248,BL,,White Grunt ,0.071,,0.033,0.193,,,1.056,0,,,,,,,,
249,NW,,White Grunt ,,,0.004,0.032,,,0.235,0.005,0.001,,,,,,,
250,,,White Grunt ,,,,,,,,,,,,,,,,
251,TD,,White Grunt ,,,0.009,0.006,,,,0.001,0.007,,,,,,,
252,JA,,White Grunt ,0,,0.011,0.236,0,,0.25,0,,,,,,coral,,
253,TD,,White Grunt ,,,0.022,0.018,,,,0,,,,,,,,
254,NW,,White Grunt ,,,0.116,0.089,,,1.367,0.011,,,,,Add DI to the dish ,,,
255,BD,,White Grunt ,0.01,,0.066,0.291,,0.005,0.413,,,,,,,,,
256,BB,,White Grunt ,0.01,,0,0.036,,0.01,0.03,0.023,0.015,,,,,,,
257,ME,,White Grunt ,0.126,,0.006,0.001,,,0.014,0.04,,,,,,,,
258,TP,,White Grunt ,,,,,0,,0.597,,,,,,Someone should go thru this a 2nd time ,worm ,,
259,MM,,White Grunt ,,,0,0.01,,0,0.06,0.027,,,,,,,,
260,TP ,,White Grunt ,0,,0,0.065,,0.016,0.083,,,,,,,,,
261,MM,,White Grunt ,0,,0,0.014,,,0.037,,,,,,,,,
262,MM,,White Grunt ,,,0.027,0.046,,0,0.52,0.011,,,,,,,,
263,,,White Grunt ,,,,,,,,,,,,,,,,
264,DM,,White Grunt ,0.005,,0.06,0.164,,0.024,0.51,,,,,,,,,
265,AB,,White Grunt ,,,0.037,0.044,,0.016,0.121,0,,,,,Used DI ,,,
266,DM,,White Grunt ,,,,,,,,,,,,,No stomach ,,,
267,AG,,White Grunt ,,0,0.024,0.005,,0,0.147,0.02,,,,,,,,
268,JA,,White Grunt ,0.036,,,0.024,,0,0.474,,,,,,mush = mush AND fish eggs ,Someone should go thru this a 2nd time ,,
269,DM,,White Grunt ,,,,,,,,,,,,,No stomach ,,,
270,MS,,White Grunt ,,,0.062,0.103,,0.003,0.725,,,,,,,,,
271,MS,,White Grunt ,,,,,,,,,,,,,No stomach ,,,
272,AG,,White Grunt ,0.012,,0.079,0.342,0,0.014,0.287,,,,,,,,,
273,MS,,White Grunt ,0,,0,0.002,,0.005,0,0.006,,,,,,,,
274,MS,,White Grunt ,0.049,,0.084,0.053,,0.056,0.543,0.052,,,,,,,,
275,BL,,White Grunt ,0.203,,0.013,0.088,,,0.543,0.022,,,,,,,,
276,TM,,White Grunt ,0.015,,0.01,0.006,,,0.223,0,,,,,,,,
277,ES,,White Grunt ,0.082,,0.002,0.001,,0.038,0.100,0.01,,,,,,,,
278,ME,,White Grunt ,,,,,0,,0.151,,,,,,,,,
279,BL,,White Grunt ,,,0.127,0.042,,0,0.073,0.046,,,,,,,,
280,HE,TD,White Grunt ,,,0.009,0.003,0,0,0.255,0.018,,,,,,,,
281,MS,,White Grunt ,,,0.058,0.001,,0.124,0.015,,0,,,,,,,
282,BD,,White Grunt ,0.005,,0.023,0.056,0.007,0.01,0.148,0,,,,,,,,
283,TP,,White Grunt ,0.013,,0.014,0.014,,0,0.208,,,,,,,,,
284,DM,,White Grunt ,0.016,,0.07,0.101,,0.001,0.653,,,,,,,,,
285,SH,,White Grunt ,0.002,0.055,0.061,0.048,0.015,0.013,0.064,,0.003,,,,,,,
286,CK,,White Grunt ,0.193,,0.047,0.092,,0.054,0.228,0.001,0.054,,,,,,,
287,AG,,White Grunt ,0,0.099,0.004,0.003,,0.001,0.385,0.003,,,,,,,,
288,DM,,White Grunt ,0.001,,0.002,0.008,0.001,0.001,0.025,0.003,,,,,,coral ,,
289,PL,,White Grunt ,,,0.019,0.035,,,0.133,,,,,,,,,
290,TD,,White Grunt ,,,,,,,,,,,empty ,,,,,
291,TD,,White Grunt ,,,0,0.052,0.46,,,,,,,,,,,
292,MM,,White Grunt ,0.082,,0.028,0.066,,,0.66,,,,,,,,,
293,MM,,White Grunt ,,,,,,,,,,,empty ,,,,,
294,MM,,White Grunt ,0.001,,,0.015,,0.001,0.549,0,,,,,,,,
295,CK,,White Grunt ,0.019,0.002,0.014,0.247,,0,0.478,0.016,0,,,,,,,
296,MR,,White Grunt ,,0.018,0.002,0.086,,0.007,,,,,,,,,,
297,NW,,White Grunt ,,,0.031,0.023,0.006,0.013,,0.001,,,,,,coral ,,
298,SH,,White Grunt ,0.494,0.014,0.025,0.033,,0.008,,0.017,0.023,,,,,,,
299,MM,,White Grunt ,,,0.003,0.047,,0,0.209,,,,,,,,,
300,MS,,White Grunt ,0.018,,0.005,,,0.182,,0,,,,,,,,
301,,,White Grunt ,,,,,,,,,,,,,,,,
302,MM,,White Grunt ,0.002,,0.017,0.146,0,0,0.381,,,,,,,,,
303,,,White Grunt ,,,,,,,,,,,,,,,,
304,BL ,,White Grunt ,,,0.003,0.05,,,0.279,,,,,,,,,
305,ES,,White Grunt ,,0.053,0.034,0.008,,0.014,0.081,,,,,,,,,
306,ME,,White Grunt ,,,,0,0,0,0.034,0.053,,,,,"fish = bone, scales, eggs ",,,
307,BL,,White Grunt ,,0.024,0.027,0.126,,,0.428,0.005,,,,,,,,
308,MM,,White Grunt ,0.014,,0.024,0.024,,,,0.003,,,,,,,,
309,NW,,White Grunt ,,,0.003,0.011,,0.005,0.111,0.019,,,,,,,,
310,TP,,White Grunt ,0.001,,0.011,0.116,,0,0.491,0.006,,,,,,,,
311,NW,,White Grunt ,,,0.007,0.006,,0,0.133,0.008,,,,,,,,
312,AG,,White Grunt ,0.05,,0.004,0.017,,0,,0.129,,,,,,,,
313,PR,BB,White Grunt ,0.051,0.091,0,0.0515,,,0.289,0.011,,,,0.015g squid ,,,,
314,ME,,White Grunt ,0.411,,0.033,0.103,0.001,,0.446,0.083,0.023,,,,,brittle star,,
315,?,,White Grunt ,,,0.008,0.017,,,0.685,0.025,,,,,,,,
316,AG,,White Grunt ,0.048,,0.044,0.011,0,0,0.201,0,,,,,,"brittle star, worm ",,
317,AG,,White Grunt ,,0.104,0.014,0.018,,,0.275,0,0.086,,,,,,,
318,CK,,White Grunt ,0.013,,0.024,0.119,0,0,0.443,0.016,0.005,,,,,squid beak ,,
319,BD,,White Grunt ,0.033,,0.021,0.031,0,0.021,0.468,,,,,,,"coral, brittle star",,
320,AW,,White Grunt ,,,,,,,0.224,0.003,,,,,,,,
321,MM,,White Grunt ,0.051,,0.013,0.143,,0,0.793,0.008,,,,,,,,
322,AW,,White Grunt ,0.053,0.006,0.012,0.085,,0.002,0.896,0.004,,,,,,,,
323,CK,,White Grunt ,1.091,,0,,,,,0,,,,,,,,
324,CK,,White Grunt ,0.56,,0.09,0.115,0,0.001,0.604,,,,,,,"squid beak, coral",,
325,HE,TD,White Grunt ,0.186,0.014,0.054,0.048,0,0.008,0.606,0.049,0.001,,,,,"urchin, snail, amphipod ",,
326,MM,,White Grunt ,1.043,,0.002,0.014,0,,0.303,,,,,,,coral,,
327,JA,,White Grunt ,0.053,,0.047,0.125,0.029,0.88,,0,,,,0g plastic ,,,,
328,NW,,White Grunt ,0,,0.057,0.035,0,0,0.115,0.011,,,,,,coral ,,
329,MS,,White Grunt ,0.097,,0.017,0.052,,0.067,0,0.242,,,,,,,,
330,MM,,White Grunt ,0.092,0,0,0.04,0.001,,0.286,0.001,,,,,,,,
331,ME,,White Grunt ,0.008,,0.01,,,0,0.198,0.04,,,,,,,,
332,ES,,White Grunt ,0.642,0.01,0.006,0.01,,,0.115,0,0.01,,,,,,,
333,"TB, NW",,White Grunt ,0.205,0.391,0.04,0.155,0,0.076,0.235,0,,,,,,ispod ,,
334,BD,,White Grunt ,0.341,,0.013,0.158,,0.01,0.668,0,,,,,,,,
335,,,White Grunt ,,,,,,,,,,,,,,,,
336,BL,,White Grunt ,0.015,,0.133,0.315,0.344,0.719,1.384,0.004,,,,,,"coral, limpet. brittle star",,
337,MM,,White Grunt ,0.042,,0.004,0.039,,0,0.685,,,,,,,,,
338,AG,,White Grunt ,0.182,0,0.068,0.063,0.014,0.004,0.473,0.006,,,,,,bittle star,,
339,HE,TD,White Grunt ,0.141,,0.035,0.006,0.04,0,0.299,0.005,,,,,,bivalve foot,,
340,,,White Grunt ,,,,,,,,,,,,,,,,
341,SH,,White Grunt ,0.283,,0.0089,0.16,0.096,,0.732,0.009,,,,,,,,
342,SH,,White Grunt ,0.021,0.003,0.032,0.003,0,0.007,0.106,0.035,,,,,,urchin ,,
343,EC,,White Grunt ,0.365,0.427,0,0.003,,,,,,,,,,,,
344,DM,,White Grunt ,0.03,,0.019,0.104,0.297,0.001,0.136,0.001,0.005,,,,,"0.296 limpet, 0.001 coral ",,
345,NW,,White Grunt ,0.179,,0.199,0.061,0.046,0.109,0.868,0.072,,,,,,,,
346,TD,,White Grunt ,2.303,,0.293,,,,,0.019,,,,,,,,
347,,,White Grunt ,,,,,,,,,,,,,,,,
348,TD,,White Grunt ,0.722,,0.174,,,,,0,,,,,,,,
349,EV,,White Grunt ,0.168,0.008,0.024,0.01,0,0,0.221,,,,,,,coral ,,
350,MR,,White Grunt ,0.061,0.002,0.03,0.037,,,0.101,0.004,,,,,,,,
351,CK,,White Grunt ,0.397,,0.008,0.022,,0,,0.019,,,,,,,,
352,NW,,White Grunt ,0.067,0.097,0.061,0.01,0.038,,0.839,0.022,0,,,,,,,
353,MM,,White Grunt ,0.296,,0.007,0.048,,0,0.34,,,,,,,,,
354,HE,TD,White Grunt ,0.21,0,0.002,,0,0,0.338,0.022,0,,,,,nematode,,
355,CK,,White Grunt ,0.571,,,0.036,0.017,,0.059,0.011,0,,,,,,,
356,MR,,White Grunt ,,0.011,0.66,0.177,,,0.087,0.006,,,,,,,,
357,MS,,White Grunt ,,,0,0.06,,0.02,0.138,,0,,,,,,,
358,AG,,White Grunt ,0.057,0.003,0.03,0.087,0.038,0.015,1.233,,,,,,,"worm, brittle star ",,
359,PR,,White Grunt ,0.062,0.003,,0.045,0.057,,0.427,,,,,,,,,
360,ME,,White Grunt ,0.056,0.025,0.004,0,,0,0.075,0.002,,,,,,,,
361,BD,,White Grunt ,0.005,,0.028,0.112,0,0.008,0.15,0.026,,,,,,"squid beak, coral ",,
362,ME,,White Grunt ,0.015,0.186,,0.163,0.009,,0.056,0.026,,,,,,"coral, urchin ",,
363,ES,,White Grunt ,0.055,,0.089,0.014,,0.009,0.577,0.003,,,,,,,,
364,MS,,White Grunt ,0.342,,0.848,,,0.346,0.688,0.026,,,,,,,,
365,TD,,White Grunt ,0.189,,0.002,0.047,,0,,0.005,,,,,,,,
366,AG,,White Grunt ,0.376,0.094,0,,0.681,0,0.39,0,,,,,,limpet ,,
367,DM,,White Grunt ,0.062,,0.004,0.001,,,0.145,,,,,,,,,
368,TP,,White Grunt ,0.025,,0.019,0.068,0,0.115,0.021,,,,,,,,,
369,MR,,White Grunt ,0.071,0.051,0.074,0.06,,,0.07,,,,,,,,,
370,BL,,White Grunt ,,,0.014,0.128,0.045,0.008,0.139,,,,,,,,,
371,BL,,White Grunt ,,,,0.082,0.04,0.169,0.447,,,,,,,,,
372,BL,,White Grunt ,0.572,,0.054,0.097,0,0.363,0.957,,,,,,,worm,,
373,EC,,White Grunt ,0,0.09,0.111,,,0,0.133,,0,,,,,,,
374,NW,,White Grunt ,0.035,,0.13,,,0.014,,0.001,,,,,,,,
375,AG,,White Grunt ,0.017,0.005,0.046,0.086,0.023,0.006,0.492,0.001,,,,,,,,
376,AG,,White Grunt ,0.068,,,0.024,,,0.072,,,,,,,,,
377,AG,,White Grunt ,0.12,0.003,0.035,0.014,0.006,0,0.713,0,,,,,,,,
378,SH,,White Grunt ,0.016,0.027,0.071,0.305,0.374,0.058,1.924,0.011,,,,,,squid beak,,
379,TP,,White Grunt ,0,,0.013,,,0.004,0.1,0,,,,,,,,
380,HE,EC,White Grunt ,0.0675,,0.004,0.003,0,0,0.143,0.001,,,,,,urchin,,
381,MS,,White Grunt ,,,,0.024,,0.012,0.116,0.004,,,,,,,,
382,MR,,White Grunt ,0.128,0.072,0.005,0.05,0,,0.188,,0.001,,,,,urchin,,
383,PR,EC,White Grunt ,,0,0.03,0.002,,0.003,0.0805,,,,,,,,,
384,MM,,White Grunt ,,,0.004,0.053,0,0,0.391,,,,,,,,,
385,PL,,White Grunt ,,0,0.019,0.004,0.014,0.004,0.251,0.014,,,,,sea star,,,
386,SH,,White Grunt ,0.205,,0.007,0.113,,0.059,0.453,0.039,,,,,,,,
387,ME,,White Grunt ,,,0,0.047,,0.086,0.092,0.009,,,,,,,,
388,MS,,White Grunt ,0.019,,0.031,,,0.106,0.216,,,,,,,,,
389,AG,,White Grunt ,0.037,0.058,0.048,0.024,0.004,0.003,0.43,0.001,,,,,,brittle star,,
390,NW,,White Grunt ,0.114,,0.044,,0.069,0.003,,0.003,,,,,,,,
391,NW,,White Grunt ,,0.016,0.088,,0,0.012,0.063,0.006,0,,,,,,,
392,DM,,White Grunt ,0.002,,0.038,0.038,,,0.416,0.005,,,,,Someone should go thru this a 2nd time ,,,
393,DM,,White Grunt ,,,0.001,,,,,0.01,,,,,,,,
394,MM,,White Grunt ,0.224,,0,0.284,,,0.28,,,,,,,,,
395,MR,,White Grunt ,,0.017,0.009,0.029,,,,0.002,,,,,,,,
396,TP,,White Grunt ,0.228,,0.023,0.039,0,,0.226,,,,,,,isopod,,
397,BL,,White Grunt ,0.022,,,,,0.185,0.682,,,,,,,,,
398,,,White Grunt ,,,,,,,,,,,,,,,,
399,BL,,White Grunt ,,0.258,0.017,0.04,0.064,,0.81,0.017,,,,,,worm,,
400,,,White Grunt ,,,,,,,,,,,,,,,,
401,,,White Grunt ,,,,,,,,,,,,,,,,
402,,,White Grunt ,,,,,,,,,,,,,,,,
403,,,White Grunt ,,,,,,,,,,,,,,,,
404,,,White Grunt ,,,,,,,,,,,,,,,,
405,,,White Grunt ,,,,,,,,,,,,,,,,
406,,,White Grunt ,,,,,,,,,,,,,,,,
407,,,White Grunt ,,,,,,,,,,,,,,,,
408,,,White Grunt ,,,,,,,,,,,,,,,,
409,,,White Grunt ,,,,,,,,,,,,,,,,
410,,,White Grunt ,,,,,,,,,,,,,,,,
411,,,White Grunt ,,,,,,,,,,,,,,,,
412,"drew, abby, tara",,White Grunt ,0.046,,0.026,0.157,0,0.007,0,,,,,,,urchin,,
413,brea daniel,,White Grunt ,0.104,0.002,0.037,0.268,0.001,0.001,0.124,,,,,,,"squid, brittle star",,
414,Lilliana Giddens,,White Grunt ,0.382,,0.011,0.001,0,,0.109,0.026,,,,,fish scales,urchin,,
415,Abby Gentsch,,White Grunt ,0.165,0.287,0,0.007,,0,0.041,,,,,,,,,
416,marley corpe,,White Grunt ,0.017,,0.006,0.001,0.003,,0.057,,0.16,,,,,,,
417,Hailee Emiola,TD,White Grunt ,,0.007,0.012,0.018,0,0,0.2,,0,,,,,snail shell,,
418,Abby Gentsch,,White Grunt ,0.035,0.036,0.01,0.007,0.015,0.005,0.126,0.021,,,,,,,,
419,Drew Munson,,White Grunt ,,,,,0,0.012,0.6,0.004,,,,,scales,,,
420,Cece Kowalski,,White Grunt ,0.001,,0.034,0.003,,0.006,0.587,,,,,,0 orange matter,,,
421,Daniel Mongiello,,White Grunt ,0.238,,0.019,0.008,,,0.045,,,,,,,,,
422,Tara Pfent,,White Grunt ,,,0,,,,0.496,0.019,,,,,,,,
423,"Megan S., Taylor N.",,White Grunt ,0.045,,0.009,0.045,0.123,0.021,0.015,0,,,,,,amphipod,,
424,Brooke Lloyd,,White Grunt ,0.007,,0,0.009,,0.017,0.216,0,,,,,,,,
425,Daniel Mongiello,,White Grunt ,0.035,0.008,0.002,,0.01,0.001,0.298,,,,,,,limpet,,
426,Patton Ryan,,White Grunt ,0.212,0,0.039,,0,0,0.16,,,,,,,,,
427,Miguel Escobar,,White Grunt ,0.342,,0.053,0.046,,0.015,0.131,,,,,,,,,
428,Tara Pfent,,White Grunt ,0.529,,0.013,0.007,0,,0.001,,,,,,,urchin,,
429,Taylor Neuman,,White Grunt ,0,0,,0,,0,0.01,,,,,,,,,
430,Miguel Escoboar,,White Grunt ,0.032,,0.026,0.116,,0,0.125,0.023,,,,,,,,
431,Brooke Lloyd,,White Grunt ,0.008,,0,0.09,0.125,0.041,1.175,0.025,,,,2.236g worm,,coral,,
432,Bailey Brounce,,White Grunt ,0.018,,0.332,0.118,,0.013,,0.025,,,,,,,,
433,Miguel Escobar,,White Grunt ,0.26,0.244,,,,,0.024,0.025,,,,,,,,
434,Abby Gentsch,,White Grunt ,0.237,0.131,0.006,0.008,,0.001,0.061,0.003,,,,,,,,
435,Sydney Heitkamp,,White Grunt ,0.004,,0.055,,,,0.103,0.075,0,,,,,,,
436,Marleigh Mccfarland,,White Grunt ,0.015,0.019,0,0,,0,0.102,0,,,,,,,,
437,Patton Ryan,,White Grunt ,0.141,,0.083,0.231,0.076,0.062,0.47,,,,,,,,,
438,Abby Gentsch,,White Grunt ,0.015,,0.011,0.013,,0.001,0.021,0,,,,,,,,
439,Sydney Heitkamp,,White Grunt ,0.021,,0.056,0.056,0.048,,0.979,0.003,,,,,,squid,,
440,Tara Pfent,,White Grunt ,0.086,,0.216,0.102,0,,0.024,,,,,,,worm,,
441,Daniel Mongiello,,White Grunt ,,,0.004,0.001,,,0.141,,,,,,,,,
442,Daniel Mongiello,,White Grunt ,0.644,0.052,,,1.143,,0.043,,,,,,,worm,,
443,Marley Corpe,,White Grunt ,0.068,0.161,0.01,,,,0.019,,,,,,,,,
444,Taylor Neuman ,,White Grunt ,,0,0.01,0.041,,,0.026,,,,,,,,,
445,Natalie WIlliams,,White Grunt ,0.032,,0.117,0.061,0,0.038,,0.016,0,,,,,coral,,
446,Marley Corpe,,White Grunt ,0.685,0.096,0.003,0.013,,,0.06,0.023,,,,,,,,
447,Patton Ryan,,White Grunt ,,,0.017,0.035,0.027,,0.208,,,,,,,,,
448,Patton Ryan,,White Grunt ,0,,0.005,0.015,0.038,0,0.469,0.011,,,,,,worm,,
449,Hailee Emiola,,White Grunt ,0.112,,0.073,0,,0,0.583,,0,,,0g plastic,,,,
450,Marleigh Mcfarlane,,White Grunt ,0.002,,0,,,,0.02,,,,,,,,,
451,Natalie WIlliams,,White Grunt ,,,,,,,,1.491,,,,,,,,
452,Natalie WIlliams,,White Grunt ,,,0.047,0.027,,0.003,,0.018,,,,,,,,
453,Marley Corpe,,White Grunt ,,0.05,0.006,0.04,,,0.404,0.004,,,,,,,,
454,Natalie WIlliams,,White Grunt ,,,,,,,,,,,empty,,,,,
455,natalie WIlliams,,White Grunt ,,,0.011,0,,0.014,,0.022,,,,,,,,
456,Megan S. ,,White Grunt ,0.008,,0.029,0.014,,0.012,,,,,,,0g bead/ball,,,
457,Tara Pfent,,White Grunt ,0.185,,0,0.004,,,0.008,,,,,,,,,
458,Abby Gentsch,,White Grunt ,0.856,,0,0.147,,0,0.211,,,,,,,,,
459,Daniel Mongiello,,White Grunt ,0.351,,,,,,0.064,,,,,,,,,
460,Tara Pfent,,,,0.852,0.011,0.016,,,,,,,,,,,,
461,Daniel Mongiello,,White Grunt ,0.024,,0.001,0.026,,0.001,0.128,0.001,,,,,Something that looked like shells but wasn't identifiable.,,,
462,Brooke Lloyd,,White Grunt ,0.432,,0.005,0.099,,,0.178,,,,,,,,,
463,Abigail Gentsch,,White Grunt ,,,0.001,,,,0.472,,,,,,,,,
464,Abigail Gentsch,,White Grunt ,0.015,,0.009,0.09,,0.02,0.268,,,,,,,,,
465,Tara Pfent,,White Grunt ,0.131,,0.007,0.018,,,,0.006,,,,,,,,
466,Brooke Lloyd,,White Grunt ,0.015,,0.011,,0,0,0.175,,,,,,,isopod,,
467,Patton Ryan,,White Grunt ,0.049,,0.009,0.092,,0.002,0.631,,,,,,,,,
468,Sydney Heitkamp,,White Grunt ,0.061,,0.001,0,,0,0.112,0.022,0.012,,,,,,,
469,Sydney Heitkamp,,White Grunt ,0.057,,0.011,,,,0.336,0.005,0.122,,,,,,,
470,Lilliana Giddens,,White Grunt ,0.018,0.004,0.029,0,,0.017,0.483,,,,,,,,,
471,Daniel Mongiello,,White Grunt ,0.077,,0.01,0.006,,0.002,0.045,,,,,,,,,
472,Daniel Mongiello,,White Grunt ,0.014,,,0.35,,,0.48,,,,,,,,,
473,Daniel Mongiello,,White Grunt ,,,0.011,0.085,,,0.164,,,,,,,,,
474,Bailey Brounce,,White Grunt ,,,0,0.014,0,,0.014,0.011,,,,,,squid,,
475,Miguel Escobar,,White Grunt ,,,0.014,,,,,0.004,,,,,,,,
476,Daniel Mongiello,,White Grunt ,0.1,,0.013,0.001,,,0.1,0.001,,,,,,,,
477,Cece Kowalski,,White Grunt ,,,,,,,,,,,empty,,,,,
478,Cece Kowalski,,White Grunt ,0,,0.013,0.006,,0,0.228,0,,,,,Worm/tube-looking object,,,
479,Marleigh M/Drew M,,White Grunt ,0.067,,0,0.014,0.011,0.016,0.877,,,,,,,,,
480,Marley Corpe,,White Grunt ,0.763,0.325,0.042,0.176,0.789,,1.969,0.055,,,,,,limpet,,
481,Tara Pfent,,White Grunt ,,0.136,0,0,,0,0.011,,,,,,,,,
482,Abby Gentsch,,White Grunt ,0.141,0.108,0.003,0.019,0.019,0.018,0.295,,,,,,,"amphipod, brittle star",,
483,Brooke Lloyd,,White Grunt ,0.065,0.016,0.01,0.009,0,0,0.494,0,,,,,,coral,,
484,Drew Munson,,White Grunt ,0.117,,0,0.008,0.019,0,0.153,,,,,0g plastic,found an antenna but no shrimp,,,
485,Tara Pfent,,White Grunt ,,,,,,,0.544,0.01,,,,,,,,
486,Tara Pfent,,White Grunt ,,0.023,0,0.012,0.063,0.01,0.29,0.009,,,,,,,,
487,Bailey Brounce,,White Grunt ,0.279,,,,,,0.474,,,,,,,,,
488,Natalie WIlliams,,White Grunt ,0.015,0.041,0.123,0.011,,0.004,,0.013,,,,,,,,
489,Sydney Heitkamp,,White Grunt ,0.064,0.038,0.109,0.041,0,0,2.154,0.033,0.005,,,,,,,
490,Cece Kowalski,,White Grunt ,0.89,,0.077,0.073,,0,0.265,,,,,,.021 clear tubular object,,,
491,Abigail Gentsch,,White Grunt ,0.896,,0,0,0,0.032,0.152,,,,,,,"brittle star, amphipod",,
492,Natalie WIlliams,,White Grunt ,0.022,,0.014,,,0,,0.017,0,,,,,,,
493,Abigail G./Natalie W.,,White Grunt ,0.05,0.013,0.509,0.294,0.006,0.014,0.457,,,,,,,worm,,
494,Brooke Lloyd,,White Grunt ,0.075,,0.007,0.06,0,0.046,1.387,,,,,,,,,
495,Lilliana Giddens,,White Grunt ,0.341,,0.009,0,0.034,0.002,0.256,,,,,,,isopod,,
496,Daniel Mongiello,,White Grunt ,0.829,0.067,0.002,0.001,0.055,,0.734,,,,,0.03g plastic,,urchin,,
497,Tara Pfent,,White Grunt ,0.861,,0.001,0.022,0.171,,0.507,,,,,,,worm,,
498,Marley Corpe,,White Grunt ,1.336,0.067,0.008,0.012,,0.03,1.505,0.035,,,,,,,,
499,Miguel Escobar,,White Grunt ,,0.021,,,,,0.338,0.007,,,,,,,,
500,Sydney Heitkamp,,White Grunt ,0.051,0.188,0.005,0.099,,,2.215,0.014,0,,,0g plastic,,,,
501,Natalie WIlliams,,White Grunt ,,1.475,0.148,0.176,0,0,0.188,0.01,0,,,,,coral,,
502,,,White Grunt ,,,,,,,,,,,,,,,,
503,Sydney Heitkamp,,White Grunt ,0.125,0.098,0.008,0,,0,1.483,0.019,,,,0g plastic,0.01 unknown (hourglass shape),,,
504,Megan Schindhelm,,White Grunt ,,,,,,,,,,,empty,,,,,
505,Megan Schindhelm,,White Grunt ,0.009,,0.002,,0,0.005,0.011,0.008,0,,,,,"urchin, worm",,
506,Marley Corpe ,,White Grunt ,0.027,1.138,0.02,0.024,,,1.001,0.295,,,,,,,,
507,Miguel Escobar,,White Grunt ,3.138,,0.035,0,,0.005,0.352,,0.01,,,,,parasite,,
508,Natalie Williams,,White Grunt ,,0.409,0.185,0.008,0.03,0.015,,,,,,,,coral,,
509,Abigail G./Megan S.,,White Grunt ,0.237,0.133,0.023,0.008,,,0.182,0.006,,,,,,,,
510,Tara Pfent,,White Grunt ,0.274,,0,0.006,,,0.189,,,,,,,,,
511,Abigail Gentsch,,White Grunt ,,,0,0.002,,,0.884,0.004,,,,,,,,
512,Abigail Gentsch,,White Grunt ,0.082,0.126,0,0.002,0,0,0.282,,,,,,,,,
513,Daniel Mongiello,,White Grunt ,0.7,,0,,0.001,0,0.226,,,,,.001g plastic,,worms,,
514,Tara Pfent ,,White Grunt ,0.662,0.101,0.001,0,0.474,,0.244,0.025,,,,,,"limpet, worm",,
515,Abigail Gentsch,,White Grunt ,0.712,0.02,0.005,0,,0,0.437,,,,,,,,,
516,Daniel Mongiello,,White Grunt ,0.184,,,0.001,0,,0.312,,,,,,,amphipod,,
517,Marley Corpe,,White Grunt ,0.155,0.021,0.033,0.036,,0.069,0.524,0.01,,,,.004g jaw bone,,,,
518,Marleigh Mcfarland,,White Grunt ,0.01,0,0.001,0.001,,0,0.268,,,,,,,,,
519,Miguel Escobar,,White Grunt ,0.057,,0.009,0.008,,0.004,0.031,0.003,,,,,,,,
520,Marleigh Mcfarland,,White Grunt ,0.027,,,0.016,0.002,,0.135,0,,,,,,coral,,
521,Abigail Gentsch,,White Grunt ,,0.628,0.007,0.021,,0,0.121,0.002,0,,,,,,,
522,Sydney Heitkamp,,White Grunt ,0.064,0.001,0.027,0.03,,0,0.121,0.024,,,,,,,,
523,Tara Pfent ,,White Grunt ,1.194,0.13,0.005,0.015,0.004,,0.408,0.005,,,,,,isopod,,
524,Sydney Heitkamp,,White Grunt ,0.405,0.017,0.004,0.034,,0,0.627,0.001,0.008,,,,,,,
525,Miguel Escobar,,White Grunt ,0.124,,0.011,0,,,0.265,,,,,,,,,
526,Drew Munson,,White Grunt ,0.474,,0.017,0.128,0.087,,0.246,,,,,,,coral,,
527,Hailee Emiola,,White Grunt ,0.007,,0,,,,0.694,,,,,,,,,
528,Marley Corpe,,White Grunt ,0.87,,0.043,0.039,,,0.182,0.016,,,,,,,,
529,Hailee E./Julia C. ,,White Grunt ,0.044,0.375,,,,,1.297,0.001,,,,,,,,
530,Marley Corpe,,White Grunt ,,0.128,0.063,,,,0.452,0.001,,,,,,,,
531,Tara Pfent,,White Grunt ,0.69,,0.012,0.017,0.007,,0.472,,,,,0.726g chiton,,brittle star,,
532,,,White Grunt ,,,,,,,,,,,,,,,,
533,Daniel Mongiello,,White Grunt ,0.037,0.104,0.009,0.022,0.001,0.012,0.463,,,,,,,arthropod,,
534,Daniel Mongiello,,White Grunt ,0.022,0.051,0.008,0.02,,,0.682,0.001,0,,,,Mush appears to be unidentifified exoskeleton,,,
535,Marley Corpe,,White Grunt ,1.915,0.168,0.023,0.051,0.075,0.016,0.301,0.029,,,,,,,,
536,Megan S./Tara P.,,White Grunt ,0.115,0,0.004,0.014,,0,0.104,,0,,,,,,,
537,,,White Grunt ,,,,,,,,,,,,,,,,
538,Daniel Mongiello,,White Grunt ,0.298,,0.001,,,,0.275,,,,,,,,,
539,Daniel Mongiello,,White Grunt ,0.236,,0.019,0.051,0.003,,0.712,,,,,,,,,
540,Brea Daniel,,White Grunt ,0.181,,,0.014,,,0.007,,,,,,,,,
541,Brooke Lloyd,,White Grunt ,0.117,,0.115,0.331,,0.022,1.243,0.025,,,,,,,,
542,,,White Grunt ,,,,,,,,,,,,,,,,
543,,,White Grunt ,,,,,,,,,,,,,,,,
544,,,White Grunt ,,,,,,,,,,,,,,,,
545,,,White Grunt ,,,,,,,,,,,,,,,,
546,,,White Grunt ,,,,,,,,,,,,,,,,
547,,,White Grunt ,,,,,,,,,,,,,,,,
548,,,White Grunt ,,,,,,,,,,,,,,,,
549,,,White Grunt ,,,,,,,,,,,,,,,,
550,,,White Grunt ,,,,,,,,,,,,,,,,
551,,,White Grunt ,,,,,,,,,,,,,,,,
552,,,White Grunt ,,,,,,,,,,,,,,,,
553,,,White Grunt ,,,,,,,,,,,,,,,,
554,,,White Grunt ,,,,,,,,,,,,,,,,
555,,,White Grunt ,,,,,,,,,,,,,,,,
556,,,White Grunt ,,,,,,,,,,,,,,,,
557,,,White Grunt ,,,,,,,,,,,,,,,,
558,,,White Grunt ,,,,,,,,,,,,,,,,
559,,,White Grunt ,,,,,,,,,,,,,,,,
560,,,White Grunt ,,,,,,,,,,,,,,,,
561,,,White Grunt ,,,,,,,,,,,,,,,,
562,,,White Grunt ,,,,,,,,,,,,,,,,
563,,,White Grunt ,,,,,,,,,,,,,,,,
564,,,White Grunt ,,,,,,,,,,,,,,,,
565,,,White Grunt ,,,,,,,,,,,,,,,,
566,,,White Grunt ,,,,,,,,,,,,,,,,
567,,,White Grunt ,,,,,,,,,,,,,,,,
568,,,White Grunt ,,,,,,,,,,,,,,,,
569,,,White Grunt ,,,,,,,,,,,,,,,,
570,,,White Grunt ,,,,,,,,,,,,,,,,
571,,,White Grunt ,,,,,,,,,,,,,,,,
572,,,White Grunt ,,,,,,,,,,,,,,,,
573,,,White Grunt ,,,,,,,,,,,,,,,,
574,,,White Grunt ,,,,,,,,,,,,,,,,
575,,,White Grunt ,,,,,,,,,,,,,,,,
576,,,White Grunt ,,,,,,,,,,,,,,,,
577,,,White Grunt ,,,,,,,,,,,,,,,,
578,,,White Grunt ,,,,,,,,,,,,,,,,
579,,,White Grunt ,,,,,,,,,,,,,,,,
580,,,White Grunt ,,,,,,,,,,,,,,,,
581,,,White Grunt ,,,,,,,,,,,,,,,,
582,,,White Grunt ,,,,,,,,,,,,,,,,
583,,,White Grunt ,,,,,,,,,,,,,,,,
584,,,White Grunt ,,,,,,,,,,,,,,,,
585,,,White Grunt ,,,,,,,,,,,,,,,,
586,,,White Grunt ,,,,,,,,,,,,,,,,
587,,,White Grunt ,,,,,,,,,,,,,,,,
588,,,White Grunt ,,,,,,,,,,,,,,,,
589,,,White Grunt ,,,,,,,,,,,,,,,,
590,,,White Grunt ,,,,,,,,,,,,,,,,
591,,,White Grunt ,,,,,,,,,,,,,,,,
592,,,White Grunt ,,,,,,,,,,,,,,,,
593,,,White Grunt ,,,,,,,,,,,,,,,,
594,,,White Grunt ,,,,,,,,,,,,,,,,
595,,,White Grunt ,,,,,,,,,,,,,,,,
596,,,White Grunt ,,,,,,,,,,,,,,,,
597,,,White Grunt ,,,,,,,,,,,,,,,,
598,,,White Grunt ,,,,,,,,,,,,,,,,
599,,,White Grunt ,,,,,,,,,,,,,,,,
600,,,White Grunt ,,,,,,,,,,,,,,,,
601,,,White Grunt ,,,,,,,,,,,,,,,,
602,,,White Grunt ,,,,,,,,,,,,,,,,
603,,,White Grunt ,,,,,,,,,,,,,,,,
604,,,White Grunt ,,,,,,,,,,,,,,,,
605,,,White Grunt ,,,,,,,,,,,,,,,,
606,,,White Grunt ,,,,,,,,,,,,,,,,
607,,,White Grunt ,,,,,,,,,,,,,,,,
608,,,White Grunt ,,,,,,,,,,,,,,,,
609,,,White Grunt ,,,,,,,,,,,,,,,,
610,,,White Grunt ,,,,,,,,,,,,,,,,
611,,,White Grunt ,,,,,,,,,,,,,,,,
612,,,White Grunt ,,,,,,,,,,,,,,,,
613,,,White Grunt ,,,,,,,,,,,,,,,,
614,,,White Grunt ,,,,,,,,,,,,,,,,
615,,,White Grunt ,,,,,,,,,,,,,,,,
616,,,White Grunt ,,,,,,,,,,,,,,,,
617,,,White Grunt ,,,,,,,,,,,,,,,,
618,,,White Grunt ,,,,,,,,,,,,,,,,
619,,,White Grunt ,,,,,,,,,,,,,,,,
620,,,White Grunt ,,,,,,,,,,,,,,,,
621,,,White Grunt ,,,,,,,,,,,,,,,,
622,,,White Grunt ,,,,,,,,,,,,,,,,
623,,,White Grunt ,,,,,,,,,,,,,,,,
624,,,White Grunt ,,,,,,,,,,,,,,,,
625,,,White Grunt ,,,,,,,,,,,,,,,,
626,,,White Grunt ,,,,,,,,,,,,,,,,
627,,,White Grunt ,,,,,,,,,,,,,,,,
628,,,White Grunt ,,,,,,,,,,,,,,,,
629,,,White Grunt ,,,,,,,,,,,,,,,,
630,,,White Grunt ,,,,,,,,,,,,,,,,
631,,,White Grunt ,,,,,,,,,,,,,,,,
632,,,White Grunt ,,,,,,,,,,,,,,,,
633,,,White Grunt ,,,,,,,,,,,,,,,,
634,,,White Grunt ,,,,,,,,,,,,,,,,
635,,,White Grunt ,,,,,,,,,,,,,,,,
636,,,White Grunt ,,,,,,,,,,,,,,,,
637,,,White Grunt ,,,,,,,,,,,,,,,,
638,Julia C.,,White Grunt ,,0.044,,0.034,,0.024,0.439,0.004,,,,,,,,
639,,,White Grunt ,,,,,,,,,,,,,,,,
640,,,White Grunt ,,,,,,,,,,,,,,,,
641,,,White Grunt ,,,,,,,,,,,,,,,,
642,,,White Grunt ,,,,,,,,,,,,,,,,
643,,,White Grunt ,,,,,,,,,,,,,,,,
644,,,White Grunt ,,,,,,,,,,,,,,,,
645,,,White Grunt ,,,,,,,,,,,,,,,,
646,,,White Grunt ,,,,,,,,,,,,,,,,
647,,,White Grunt ,,,,,,,,,,,,,,,,
648,,,White Grunt ,,,,,,,,,,,,,,,,
649,,,White Grunt ,,,,,,,,,,,,,,,,
650,,,White Grunt ,,,,,,,,,,,,,,,,
651,,,White Grunt ,,,,,,,,,,,,,,,,
652,,,White Grunt ,,,,,,,,,,,,,,,,
653,,,White Grunt ,,,,,,,,,,,,,,,,
654,,,White Grunt ,,,,,,,,,,,,,,,,
655,,,White Grunt ,,,,,,,,,,,,,,,,
656,,,White Grunt ,,,,,,,,,,,,,,,,
657,,,White Grunt ,,,,,,,,,,,,,,,,
658,,,White Grunt ,,,,,,,,,,,,,,,,
659,,,White Grunt ,,,,,,,,,,,,,,,,
660,,,White Grunt ,,,,,,,,,,,,,,,,
661,,,White Grunt ,,,,,,,,,,,,,,,,
662,,,White Grunt ,,,,,,,,,,,,,,,,
663,,,White Grunt ,,,,,,,,,,,,,,,,
664,,,White Grunt ,,,,,,,,,,,,,,,,
665,,,White Grunt ,,,,,,,,,,,,,,,,
666,,,White Grunt ,,,,,,,,,,,,,,,,
667,,,White Grunt ,,,,,,,,,,,,,,,,
668,,,White Grunt ,,,,,,,,,,,,,,,,
669,,,White Grunt ,,,,,,,,,,,,,,,,
670,,,White Grunt ,,,,,,,,,,,,,,,,
671,,,White Grunt ,,,,,,,,,,,,,,,,
672,,,White Grunt ,,,,,,,,,,,,,,,,
673,,,White Grunt ,,,,,,,,,,,,,,,,
674,,,White Grunt ,,,,,,,,,,,,,,,,
675,,,White Grunt ,,,,,,,,,,,,,,,,
676,,,White Grunt ,,,,,,,,,,,,,,,,
677,,,White Grunt ,,,,,,,,,,,,,,,,
678,,,White Grunt ,,,,,,,,,,,,,,,,
679,,,White Grunt ,,,,,,,,,,,,,,,,
680,,,White Grunt ,,,,,,,,,,,,,,,,
681,,,White Grunt ,,,,,,,,,,,,,,,,
682,,,White Grunt ,,,,,,,,,,,,,,,,
683,,,White Grunt ,,,,,,,,,,,,,,,,
684,,,White Grunt ,,,,,,,,,,,,,,,,
685,,,White Grunt ,,,,,,,,,,,,,,,,
686,,,White Grunt ,,,,,,,,,,,,,,,,
687,,,White Grunt ,,,,,,,,,,,,,,,,
688,,,White Grunt ,,,,,,,,,,,,,,,,
689,,,White Grunt ,,,,,,,,,,,,,,,,
690,,,White Grunt ,,,,,,,,,,,,,,,,